{"entities":{"pages":{"Service":{"id":"Service","title":"Service","url":"service.html","level":0,"pages":["Datenbank","HiveMQ"],"tabIndex":0},"Datenbank":{"id":"Datenbank","title":"Datenbank","url":"datenbank.html","level":1,"parentId":"Service","tabIndex":0},"HiveMQ":{"id":"HiveMQ","title":"HiveMQ","url":"hivemq.html","level":1,"parentId":"Service","pages":["API"],"tabIndex":1},"API":{"id":"API","title":"API","url":"api.html","level":2,"parentId":"HiveMQ","pages":["Messung-Erstellen"],"tabIndex":0},"Messung-Erstellen":{"id":"Messung-Erstellen","title":"Messung Erstellen","url":"messung-erstellen.html","level":3,"parentId":"API","tabIndex":0},"Robot":{"id":"Robot","title":"Robot","url":"robot.html","level":0,"tabIndex":1}}},"topLevelIds":["Service","Robot"]}