{"entities":{"pages":{"Service":{"id":"Service","title":"Service","url":"service.html","level":0,"pages":["Datenbank","HiveMQ","API"],"tabIndex":0},"Datenbank":{"id":"Datenbank","title":"Datenbank","url":"datenbank.html","level":1,"parentId":"Service","tabIndex":0},"HiveMQ":{"id":"HiveMQ","title":"HiveMQ","url":"hivemq.html","level":1,"parentId":"Service","tabIndex":1},"API":{"id":"API","title":"API","url":"api.html","level":1,"parentId":"Service","pages":["Messung-Erstellen","Farbwerte-Hinzufügen","Temperatur-Hinzufügen","Luftfeuchtigkeit-Hinzufügen"],"tabIndex":2},"Messung-Erstellen":{"id":"Messung-Erstellen","title":"Messung Erstellen","url":"messung-erstellen.html","level":2,"parentId":"API","tabIndex":0},"Farbwerte-Hinzufügen":{"id":"Farbwerte-Hinzufügen","title":"Farbwerte Hinzufügen","url":"farbwerte-hinzufügen.html","level":2,"parentId":"API","tabIndex":1},"Temperatur-Hinzufügen":{"id":"Temperatur-Hinzufügen","title":"Temperatur Hinzufügen","url":"temperatur-hinzufügen.html","level":2,"parentId":"API","tabIndex":2},"Luftfeuchtigkeit-Hinzufügen":{"id":"Luftfeuchtigkeit-Hinzufügen","title":"Luftfeuchtigkeit Hinzufügen","url":"luftfeuchtigkeit-hinzufügen.html","level":2,"parentId":"API","tabIndex":3},"Robot":{"id":"Robot","title":"Robot","url":"robot.html","level":0,"tabIndex":1}}},"topLevelIds":["Service","Robot"]}